{
  "Fact Retrieval": {
    "rouge_score": 0.22821653689284394,
    "answer_correctness": 0.23733135397456345
  }
}